SALE TYPE,SOLD DATE,PROPERTY TYPE,ADDRESS,CITY,STATE OR PROVINCE,ZIP OR POSTAL CODE,PRICE,BEDS,BATHS,LOCATION,SQUARE FEET,LOT SIZE,YEAR BUILT,DAYS ON MARKET,$/SQUARE FEET,HOA/MONTH,STATUS,NEXT OPEN HOUSE START TIME,NEXT OPEN HOUSE END TIME,URL (SEE http://www.redfin.com/buy-a-home/comparative-market-analysis FOR INFO ON PRICING),SOURCE,MLS#,FAVORITE,INTERESTED,LATITUDE,LONGITUDE
MLS Listing,,Condo/Co-op,538 E 84th St Unit 3B,New York,NY,10028,389000,0,1.0,The Chapin,450,,1957,5,864,,Active,,,http://www.redfin.com/NY/New-York/538-E-84th-St-10028/unit-3B/home/45162743,OneKey,3232546,N,Y,40.7737242,-73.9462425
MLS Listing,,Condo/Co-op,220 E 65th St Unit 7A,New York,NY,10065,899000,1,1.0,Concorde Condo,,,1978,10,,,Active,,,http://www.redfin.com/NY/New-York/220-E-65th-St-10065/unit-7A/home/45286492,OneKey,3230990,N,Y,40.7644847,-73.9624624
MLS Listing,,Condo/Co-op,Unit at 118 E 60th St,New York,NY,10022,599000,1,1.0,Upper East Side,,,,13,,,Active,,,http://www.redfin.com/NY/New-York/118-E-60th-St-10022/home/172384064,REBNY,REDC20232335,N,Y,40.7629068,-73.9686349
MLS Listing,,Condo/Co-op,Unit at 345 E 93rd St,New York,NY,10128,660000,1,1.0,Upper East Side,,,,38,,,Active,,,http://www.redfin.com/NY/New-York/345-E-93rd-St-10128/home/45162491,REBNY,REDC219932,N,Y,40.7818656,-73.946292
MLS Listing,,Condo/Co-op,736 W 187th St #208,New York,NY,10033,769000,2,2.0,The Bennett Condo,930,,2005,39,827,699,Active,,,http://www.redfin.com/NY/New-York/736-W-187th-St-10033/unit-208/home/45138477,OneKey,H6044234,N,Y,40.8544042,-73.9354054
MLS Listing,,Condo/Co-op,Unit at 105 W 70th St,New York,NY,10023,750000,1,1.0,Upper West Side,,,,40,,,Active,,,http://www.redfin.com/NY/New-York/105-W-70th-St-10023/home/172040654,REBNY,REDC20185259,N,Y,40.776418,-73.979925
MLS Listing,,Condo/Co-op,Unit at 416 W 52nd St,New York,NY,10019,1696000,2,1.5,Middle West Side,,,,45,,,Active,,,http://www.redfin.com/NY/New-York/416-W-52nd-St-10019/home/114790068,REBNY,REDC16241712,N,Y,40.7648013,-73.9891282
MLS Listing,,Condo/Co-op,Unit at 115 E 9th St,New York,NY,10003,1525000,2,2.0,East Village,,,,61,,,Active,,,http://www.redfin.com/NY/New-York/115-E-9th-St-10003/home/53324939,REBNY,REDC3799723,N,Y,40.7303939,-73.9897689
MLS Listing,,Condo/Co-op,Unit at 737 Park Ave,New York,NY,10021,17995000,6,7.5,Upper East Side,,,,422,,,Active,,,http://www.redfin.com/NY/New-York/737-Park-Ave-10021/home/105844606,REBNY,REDC3531924,N,Y,40.7703877,-73.9638745
MLS Listing,,Condo/Co-op,Unit at 26 Gramercy Park S,New York,NY,10003,470000,1,1.0,Gramercy Park,,,,1,,,Active,,,http://www.redfin.com/NY/New-York/26-Gramercy-Park-S-10003/home/172523292,REBNY,EVNY20260813,N,Y,40.7371269,-73.98561
MLS Listing,,Condo/Co-op,Unit at 175 W 93rd St,New York,NY,10025,2250000,3,2.0,Upper West Side,,,,1,,,Active,,,http://www.redfin.com/NY/New-York/175-W-93rd-St-10025/home/172523290,REBNY,EVNY20260076,N,Y,40.7921631,-73.9713327
MLS Listing,,Condo/Co-op,Unit at 225 Lafayette St,New York,NY,10012,3500000,2,2.5,Soho,,,,1,,,Active,,,http://www.redfin.com/NY/New-York/225-Lafayette-St-10012/home/45135501,REBNY,DEGI4353514,N,Y,40.72199,-73.996867
MLS Listing,,Condo/Co-op,Unit at 159 Madison Ave,New York,NY,10016,585000,1,1.0,Murray Hill Kips Bay,,,,1,,,Active,,,http://www.redfin.com/NY/New-York/159-Madison-Ave-10016/home/45197303,REBNY,CORC6103443,N,Y,40.746567,-73.9835139
MLS Listing,,Condo/Co-op,Unit at 30 E 37th St,New York,NY,10016,999880,2,1.0,Murray Hill Kips Bay,,,,1,,,Active,,,http://www.redfin.com/NY/New-York/30-E-37th-St-10016/home/45190297,REBNY,LLGI2982549,N,Y,40.7491444,-73.9809108
MLS Listing,,Condo/Co-op,Unit at 165 W 91st St,New York,NY,10024,1675000,2,2.0,Upper West Side,,,,1,,,Active,,,http://www.redfin.com/NY/New-York/165-W-91st-St-10024/home/105855315,REBNY,DEGI4353006,N,Y,40.7908614,-73.9722132
MLS Listing,,Condo/Co-op,Unit at 200 E 94th St,New York,NY,10128,1075000,1,1.0,Upper East Side,,,,1,,,Active,,,http://www.redfin.com/NY/New-York/200-E-94th-St-10128/home/108581011,REBNY,ELEG1843272,N,Y,40.7833546,-73.9499982
MLS Listing,,Condo/Co-op,Unit at 32 Gramercy Park S,New York,NY,10003,1250000,1,1.0,Gramercy Park,,,,1,,,Active,,,http://www.redfin.com/NY/New-York/32-Gramercy-Park-S-10003/home/45229158,REBNY,UCOM65340,N,Y,40.7369796,-73.9848852
MLS Listing,,Condo/Co-op,Unit at 235 E 22nd St,New York,NY,10010,925000,1,1.0,Gramercy Park,,,,1,,,Active,,,http://www.redfin.com/NY/New-York/235-E-22nd-St-10010/home/163364300,REBNY,DEGI4351483,N,Y,40.7376713,-73.9816456
MLS Listing,,Condo/Co-op,Unit at 310 W 56th St,New York,NY,10019,479000,0,1.0,Middle West Side,,,,1,,,Active,,,http://www.redfin.com/NY/New-York/310-W-56th-St-10019/home/172523135,REBNY,UCOM1888422,N,Y,40.7661814,-73.9841508
MLS Listing,,Condo/Co-op,Unit at 200 Riverside Blvd,New York,NY,10069,1299000,1,2.0,Upper West Side,,,,1,,,Active,,,http://www.redfin.com/NY/New-York/200-Riverside-Blvd-10069/home/45272029,REBNY,UCOM89962,N,Y,40.7791218,-73.9879632
MLS Listing,,Condo/Co-op,Unit at 120 W 58th St,New York,NY,10019,960000,2,1.0,Middle West Side,,,,1,,,Active,,,http://www.redfin.com/NY/New-York/120-W-58th-St-10019/home/45260603,REBNY,UCOM1455756,N,Y,40.765169,-73.9776999
MLS Listing,,Condo/Co-op,Unit at 1 W 67th St,New York,NY,10023,2950000,3,2.5,Upper West Side,,,,1,,,Active,,,http://www.redfin.com/NY/New-York/1-W-67th-St-10023/home/53324014,REBNY,UCOM72095,N,Y,40.7731562,-73.9781993
MLS Listing,,Condo/Co-op,Unit at 50 W 15th St,New York,NY,10011,3395000,3,2.5,Flatiron,,,,1,,,Active,,,http://www.redfin.com/NY/New-York/50-W-15th-St-10011/home/45222419,REBNY,DEGI4351894,N,Y,40.7374472,-73.995445
MLS Listing,,Condo/Co-op,Unit at 300 E 23rd St,New York,NY,10010,995000,1,1.0,Gramercy Park,,,,1,,,Active,,,http://www.redfin.com/NY/New-York/300-E-23rd-St-10010/home/45339992,REBNY,DEGI4351893,N,Y,40.7375213,-73.980868
MLS Listing,,Condo/Co-op,Unit at 92 Horatio St,New York,NY,10014,950000,1,1.0,West Village,,,,1,,,Active,,,http://www.redfin.com/NY/New-York/92-Horatio-St-10014/home/45330308,REBNY,CORC6107900,N,Y,40.7385868,-74.0078404
MLS Listing,,Condo/Co-op,Unit at 20 E 35th St,New York,NY,10016,870000,1,1.0,Middle East Side,,,,1,,,Active,,,http://www.redfin.com/NY/New-York/20-E-35th-St-10016/home/172522733,REBNY,DEGI4353005,N,Y,40.748098,-73.9824791
MLS Listing,,Condo/Co-op,Unit at 865 United Nations Plz,New York,NY,10017,899900,1,1.0,Middle East Side,,,,1,,,Active,,,http://www.redfin.com/NY/New-York/865-United-Nations-Plz-10017/home/45224675,REBNY,DEGI4352999,N,Y,40.7530177,-73.9671004
MLS Listing,,Condo/Co-op,Unit at 575 Grand St,New York,NY,10002,499000,1,1.0,Lower East Side,,,,1,,,Active,,,http://www.redfin.com/NY/New-York/575-Grand-St-10002/home/45140057,REBNY,LOHO20258358,N,Y,40.7128994,-73.9791921
MLS Listing,,Condo/Co-op,Unit at 116 Central Park S,New York,NY,10019,1300000,1,2.0,Middle West Side,,,,1,,,Active,,,http://www.redfin.com/NY/New-York/116-Central-Park-S-10019/home/45261609,REBNY,DEGI4352449,N,Y,40.7657641,-73.9772488
MLS Listing,,Condo/Co-op,Unit at 117 W 17th St,New York,NY,10011,5398000,4,4.0,Chelsea,,,,1,,,Active,,,http://www.redfin.com/NY/New-York/117-W-17th-St-10011/home/172522402,REBNY,CORC6108310,N,Y,40.7398066,-73.9961181
MLS Listing,,Condo/Co-op,Unit at 188 E 76th St,New York,NY,10021,11250000,5,5.0,Upper East Side,,,,1,,,Active,,,http://www.redfin.com/NY/New-York/188-E-76th-St-10021/home/172522400,REBNY,CORC6108263,N,Y,40.7724026,-73.9592035
MLS Listing,,Condo/Co-op,Unit at 264 W 22nd St,New York,NY,10011,399000,1,1.0,Chelsea,,,,1,,,Active,,,http://www.redfin.com/NY/New-York/264-W-22nd-St-10011/home/172522176,REBNY,LLGI2982671,N,Y,40.7442437,-73.9985898
MLS Listing,,Condo/Co-op,Unit at 60 Gramercy Park N,New York,NY,10010,1750000,2,1.0,Gramercy Park,,,,1,,,Active,,,http://www.redfin.com/NY/New-York/60-Gramercy-Park-N-10010/home/45146496,REBNY,DEGI4341729,N,Y,40.7387215,-73.9863316
MLS Listing,,Condo/Co-op,68 Bradhurst Ave Unit 8S,New York,NY,10039,814900,4,2.0,The Langston,915,44775,2005,1,891,589,Active,,,http://www.redfin.com/NY/New-York/68-Bradhurst-Ave-10039/unit-8S/home/45193460,OneKey,H6055696,N,Y,40.8235497,-73.9424786
MLS Listing,,Condo/Co-op,Unit at 140 Riverside Dr,New York,NY,10024,1200000,1,1.0,Upper West Side,,,,1,,,Active,,,http://www.redfin.com/NY/New-York/140-Riverside-Dr-10024/home/45152897,REBNY,CORC6097866,N,Y,40.7902965,-73.9795594
MLS Listing,,Condo/Co-op,Unit at 160 E 22nd St,New York,NY,10010,1615000,1,1.0,Gramercy Park,,,,1,,,Active,,,http://www.redfin.com/NY/New-York/160-E-22nd-St-10010/home/105850107,REBNY,BHSR20235817,N,Y,40.738135,-73.9839671
MLS Listing,,Condo/Co-op,Unit at 264 Lexington Ave,New York,NY,10016,899000,2,1.0,Murray Hill Kips Bay,,,,1,,,Active,,,http://www.redfin.com/NY/New-York/264-Lexington-Ave-10016/home/172521984,REBNY,BOND1637055,N,Y,40.7474906,-73.9792656
MLS Listing,,Condo/Co-op,Unit at 420 E 64th St,New York,NY,10065,639000,0,1.0,Upper East Side,,,,1,,,Active,,,http://www.redfin.com/NY/New-York/420-E-64th-St-10065/home/172521983,REBNY,TPGL20259828,N,Y,40.761988,-73.9584378
MLS Listing,,Condo/Co-op,Unit at 55 Wall St,New York,NY,10005,745000,0,1.0,Lower Manhattan,,,,1,,,Active,,,http://www.redfin.com/NY/New-York/55-Wall-St-10005/home/45188358,REBNY,DEGI4332536,N,Y,40.7059312,-74.0093393
MLS Listing,,Condo/Co-op,Unit at 543 W 122nd St,New York,NY,10027,5650000,4,3.5,Morningside Heights,,,,1,,,Active,,,http://www.redfin.com/NY/New-York/543-W-122nd-St-10027/home/168968705,REBNY,HALS20251306,N,Y,40.8114727,-73.9602154
MLS Listing,,Condo/Co-op,Unit at 420 E 58th St,New York,NY,10022,950000,1,1.5,Middle East Side,,,,1,,,Active,,,http://www.redfin.com/NY/New-York/420-E-58th-St-10022/home/45282140,REBNY,DRES1015,N,Y,40.7584225,-73.961721
MLS Listing,,Condo/Co-op,Unit at 40 E -50 10th St,New York,NY,10003,1595000,2,1.0,Central Village,,,,1,,,Active,,,http://www.redfin.com/NY/New-York/101-E-10th-St-10003/home/172521823,REBNY,DEGI4351476,N,Y,40.7306461,-73.9886081
MLS Listing,,Condo/Co-op,Unit at 15 Broad St,New York,NY,10005,1900000,1,2.0,Financial District,,,,1,,,Active,,,http://www.redfin.com/NY/New-York/15-Broad-St-10005/home/45188408,REBNY,UCOM317346,N,Y,40.7065317,-74.0105879
MLS Listing,,Condo/Co-op,Unit at 255 W End Ave,New York,NY,10023,1849500,3,2.0,Upper West Side,,,,1,,,Active,,,http://www.redfin.com/NY/New-York/255-W-End-Ave-10023/home/108531667,REBNY,UCOM1069668,N,Y,40.7796,-73.9850461
MLS Listing,,Condo/Co-op,Unit at 343 E 30th St,New York,NY,10016,899000,1,1.0,Middle East Side,,,,1,,,Active,,,http://www.redfin.com/NY/New-York/343-E-30th-St-10016/home/45256510,REBNY,DEGI4351091,N,Y,40.7420749,-73.9757973
MLS Listing,,Condo/Co-op,Unit at 372 Fifth Ave,New York,NY,10018,479000,0,1.0,Middle East Side,,,,1,,,Active,,,http://www.redfin.com/NY/New-York/372-5th-Ave-10018/home/45174916,REBNY,CSRE3442,N,Y,40.7492776,-73.9842289
MLS Listing,,Condo/Co-op,Unit at 253 E 7th St,New York,NY,10009,2650000,3,2.5,East Village,,,,1,,,Active,,,http://www.redfin.com/NY/New-York/253-E-7th-St-10009/home/147154187,REBNY,SNRE1887424,N,Y,40.7238068,-73.9778
MLS Listing,,Condo/Co-op,Unit at 150 Columbus Ave,New York,NY,10023,3800000,3,3.5,Upper West Side,,,,1,,,Active,,,http://www.redfin.com/NY/New-York/150-Columbus-Ave-10023/home/172398526,REBNY,ELHA20205,N,Y,40.7740005,-73.9816754
MLS Listing,,Condo/Co-op,Unit at 1212 Fifth Ave,New York,NY,10029,4250000,3,3.0,Upper East Side,,,,1,,,Active,,,http://www.redfin.com/NY/New-York/1212-5th-Ave-10029/home/45339583,REBNY,CORC6108088,N,Y,40.7914902,-73.9528464
MLS Listing,,Condo/Co-op,Unit at 136 E 64th St,New York,NY,10065,1500000,2,2.0,Upper East Side,,,,2,,,Active,,,http://www.redfin.com/NY/New-York/136-E-64th-St-10065/home/172520570,REBNY,STRI1888326,N,Y,40.765351,-73.9662915
MLS Listing,,Condo/Co-op,Unit at 37 W 12th St,New York,NY,10011,4995000,4,3.5,Greenwich Village,,,,2,,,Active,,,http://www.redfin.com/NY/New-York/37-W-12th-St-10011/home/45142831,REBNY,UCOM157138,N,Y,40.7354405,-73.9959959
MLS Listing,,Condo/Co-op,Unit at 206 E 95th St,New York,NY,10128,1299000,2,2.0,Upper East Side,,,,2,,,Active,,,http://www.redfin.com/NY/New-York/206-E-95th-St-10128/home/45207149,REBNY,CORC6108023,N,Y,40.7841068,-73.9493801
MLS Listing,,Condo/Co-op,Unit at 435 E 65th St,New York,NY,10065,430000,0,1.0,Upper East Side,,,,2,,,Active,,,http://www.redfin.com/NY/New-York/435-E-65th-St-10065/home/53326890,REBNY,BHSR20254776,N,Y,40.7628525,-73.9574339
MLS Listing,,Condo/Co-op,Unit at 240 E 76th St,New York,NY,10021,535000,0,1.0,Upper East Side,,,,2,,,Active,,,http://www.redfin.com/NY/New-York/240-E-76th-St-10021/home/45203369,REBNY,BHSR20256984,N,Y,40.7714098,-73.9568334
MLS Listing,,Condo/Co-op,Unit at 245 W 104th St,New York,NY,10025,1265000,2,1.5,Upper West Side,,,,2,,,Active,,,http://www.redfin.com/NY/New-York/245-W-104th-St-10025/home/45170579,REBNY,STRI372790,N,Y,40.800214,-73.9686086
MLS Listing,,Condo/Co-op,Unit at 35 W 82nd St,New York,NY,10024,1697000,2,1.5,Upper West Side,,,,2,,,Active,,,http://www.redfin.com/NY/New-York/35-W-82nd-St-10024/home/45186718,REBNY,UCOM410965,N,Y,40.7835681,-73.972787
MLS Listing,,Condo/Co-op,Unit at 45 Christopher St,New York,NY,10014,1750000,1,1.0,West Village,,,,2,,,Active,,,http://www.redfin.com/NY/New-York/45-Christopher-St-10014/home/45246242,REBNY,CORC6108112,N,Y,40.733877,-74.001795
MLS Listing,,Condo/Co-op,Unit at 70 W Little St,New York,NY,10004,2360000,2,2.0,Battery Park City,,,,2,,,Active,,,http://www.redfin.com/NY/New-York/70-W-Little-St-10004/home/45218115,REBNY,INDU1011,N,Y,40.7070007,-74.0167564
MLS Listing,,Condo/Co-op,Unit at 301 E 81st St,New York,NY,10028,10975000,5,6.5,Upper East Side,,,,2,,,Active,,,http://www.redfin.com/NY/New-York/301-E-81st-St-10028/home/172519271,REBNY,DEGI3979409,N,Y,40.7745984,-73.9535703
MLS Listing,,Condo/Co-op,Unit at 35 Sutton Pl,New York,NY,10022,2250000,4,4.5,Middle East Side,,,,2,,,Active,,,http://www.redfin.com/NY/New-York/35-Sutton-Pl-10022/home/172519270,REBNY,CTRE2981990,N,Y,40.7583475,-73.9595715
MLS Listing,,Condo/Co-op,Unit at 235 W 102nd St,New York,NY,10025,595000,1,1.0,Upper West Side,,,,2,,,Active,,,http://www.redfin.com/NY/New-York/235-W-102nd-St-10025/home/172519269,REBNY,DEGI4350032,N,Y,40.7988412,-73.9693618
MLS Listing,,Condo/Co-op,Unit at 301 E 81st St,New York,NY,10028,2925000,2,2.5,Upper East Side,,,,2,,,Active,,,http://www.redfin.com/NY/New-York/301-E-81st-St-10028/home/172519268,REBNY,DEGI3979396,N,Y,40.7745984,-73.9535703
MLS Listing,,Condo/Co-op,Unit at 315 E 88th St,New York,NY,10128,850000,2,1.0,Upper East Side,,,,2,,,Active,,,http://www.redfin.com/NY/New-York/315-E-88th-St-10128/home/45319766,REBNY,CORC6100366,N,Y,40.7789773,-73.949996
MLS Listing,,Condo/Co-op,Unit at 330 E 75th St,New York,NY,10021,1750000,2,2.0,Upper East Side,,,,2,,,Active,,,http://www.redfin.com/NY/New-York/330-E-75th-St-10021/home/45288280,REBNY,UCOM171869,N,Y,40.7697707,-73.9549916
MLS Listing,,Condo/Co-op,Unit at 201 W 72nd St,New York,NY,10023,1248000,1,1.0,Upper West Side,,,,2,,,Active,,,http://www.redfin.com/NY/New-York/201-W-72nd-St-10023/home/45270185,REBNY,UCOM1533066,N,Y,40.779156,-73.9823843
MLS Listing,,Condo/Co-op,Unit at 394 Manhattan Ave,New York,NY,10026,1050000,3,2.0,Morningside Heights,,,,2,,,Active,,,http://www.redfin.com/NY/New-York/394-Manhattan-Ave-10026/home/45196966,REBNY,CORC6105658,N,Y,40.8054472,-73.9562174
MLS Listing,,Condo/Co-op,Unit at 245 Tenth Ave,New York,NY,10001,5350000,3,3.0,Chelsea,,,,2,,,Active,,,http://www.redfin.com/NY/New-York/245-10th-Ave-10001/home/172519265,REBNY,CORC6106211,N,Y,40.7488234,-74.0037737
MLS Listing,,Condo/Co-op,Unit at 11 Riverside Dr,New York,NY,10023,870000,1,1.0,Upper West Side,,,,2,,,Active,,,http://www.redfin.com/NY/New-York/11-Riverside-Dr-10023/home/172519263,REBNY,HALS20254072,N,Y,40.7814737,-73.9847935
MLS Listing,,Condo/Co-op,Unit at 301 E 81st St,New York,NY,10028,3350000,2,2.5,Upper East Side,,,,2,,,Active,,,http://www.redfin.com/NY/New-York/301-E-81st-St-10028/home/172519262,REBNY,DEGI3980287,N,Y,40.7745984,-73.9535703
MLS Listing,,Condo/Co-op,Unit at 545 W End Ave,New York,NY,10024,750000,1,1.0,Upper West Side,,,,2,,,Active,,,http://www.redfin.com/NY/New-York/545-W-End-Ave-10024/home/45179615,REBNY,HALS20237042,N,Y,40.7892182,-73.9778266
MLS Listing,,Condo/Co-op,Unit at 313 W 22nd St,New York,NY,10011,995000,1,1.0,Chelsea,,,,2,,,Active,,,http://www.redfin.com/NY/New-York/313-W-22nd-St-10011/home/45248656,REBNY,HALS20189031,N,Y,40.7450453,-73.9994293
MLS Listing,,Condo/Co-op,Unit at 52 E End Ave,New York,NY,10028,899000,1,1.5,Upper East Side,,,,2,,,Active,,,http://www.redfin.com/NY/New-York/52-E-End-Ave-10028/home/45297481,REBNY,BOND1635440,N,Y,40.7723234,-73.9470597
MLS Listing,,Condo/Co-op,Unit at 301 E 81st St,New York,NY,10028,2775000,2,2.0,Upper East Side,,,,2,,,Active,,,http://www.redfin.com/NY/New-York/301-E-81st-St-10028/home/172519259,REBNY,DEGI3980365,N,Y,40.7745984,-73.9535703
MLS Listing,,Condo/Co-op,Unit at 1175 York Ave,New York,NY,10065,595000,0,1.0,Upper East Side,,,,2,,,Active,,,http://www.redfin.com/NY/New-York/1175-York-Ave-10065/home/172519258,REBNY,HALS20254419,N,Y,40.7615369,-73.9579786
MLS Listing,,Condo/Co-op,Unit at 235 W End Ave,New York,NY,10023,1495000,2,2.0,Upper West Side,,,,2,,,Active,,,http://www.redfin.com/NY/New-York/235-W-End-Ave-10023/home/45271916,REBNY,DEGI4346329,N,Y,40.779109,-73.9855281
MLS Listing,,Condo/Co-op,Unit at 20 Pine St,New York,NY,10005,949000,1,1.0,Financial District,,,,2,,,Active,,,http://www.redfin.com/NY/New-York/18-20-Pine-St-10005/home/146523521,REBNY,BOLD216149,N,Y,40.707729,-74.0097327
MLS Listing,,Condo/Co-op,Unit at 301 E 81st St,New York,NY,10028,6575000,4,4.5,Upper East Side,,,,2,,,Active,,,http://www.redfin.com/NY/New-York/301-E-81st-St-10028/home/172519255,REBNY,DEGI3980592,N,Y,40.7745984,-73.9535703
MLS Listing,,Condo/Co-op,Unit at 301 E 81st St,New York,NY,10028,3900000,2,2.5,Upper East Side,,,,2,,,Active,,,http://www.redfin.com/NY/New-York/301-E-81st-St-10028/home/172519254,REBNY,DEGI3980589,N,Y,40.7745984,-73.9535703
MLS Listing,,Condo/Co-op,Unit at 301 E 81st St,New York,NY,10028,4750000,3,3.5,Upper East Side,,,,2,,,Active,,,http://www.redfin.com/NY/New-York/301-E-81st-St-10028/home/172519253,REBNY,DEGI3980579,N,Y,40.7745984,-73.9535703
MLS Listing,,Condo/Co-op,Unit at 301 E 81st St,New York,NY,10028,4950000,3,3.5,Upper East Side,,,,2,,,Active,,,http://www.redfin.com/NY/New-York/301-E-81st-St-10028/home/172519252,REBNY,DEGI3980574,N,Y,40.7745984,-73.9535703
MLS Listing,,Condo/Co-op,Unit at 504 Grand St,New York,NY,10002,829000,2,1.0,Lower East Side,,,,2,,,Active,,,http://www.redfin.com/NY/New-York/504-Grand-St-10002/home/172519251,REBNY,HALS20245258,N,Y,40.7152214,-73.9819469
MLS Listing,,Condo/Co-op,Unit at 413 Grand St,New York,NY,10002,1350000,3,1.5,Lower East Side,,,,2,,,Active,,,http://www.redfin.com/NY/New-York/413-Grand-St-10002/home/172519249,REBNY,HALS20218872,N,Y,40.7152739,-73.9863662
MLS Listing,,Condo/Co-op,Unit at 804 W 180th St,New York,NY,10033,620000,2,1.0,Hudson Heights,,,,2,,,Active,,,http://www.redfin.com/NY/New-York/804-W-180th-St-10033/home/105883093,REBNY,UCOM1317991,N,Y,40.8499127,-73.9389587
MLS Listing,,Condo/Co-op,Unit at 60 E 9th St,New York,NY,10003,499000,0,1.0,Greenwich Village,,,,2,,,Active,,,http://www.redfin.com/NY/New-York/60-E-9th-St-10003/home/172519248,REBNY,BBRL2981936,N,Y,40.7311193,-73.9925923
MLS Listing,,Condo/Co-op,Unit at 25 Sutton Pl S,New York,NY,10022,1750000,2,2.0,Middle East Side,,,,2,,,Active,,,http://www.redfin.com/NY/New-York/25-Sutton-Pl-S-10022/home/45198498,REBNY,NYPR85472,N,Y,40.7562351,-73.9608548
MLS Listing,,Condo/Co-op,Unit at 245 E 25th St,New York,NY,10010,1195000,2,1.5,Gramercy Park,,,,2,,,Active,,,http://www.redfin.com/NY/New-York/245-E-25th-St-10010/home/45212626,REBNY,HALS20248831,N,Y,40.7395383,-73.9803775
MLS Listing,,Condo/Co-op,Unit at 259 W 85th St,New York,NY,10024,1395000,2,2.0,Upper West Side,,,,2,,,Active,,,http://www.redfin.com/NY/New-York/259-W-85th-St-10024/home/45224474,REBNY,HALS20249342,N,Y,40.7881555,-73.9776582
MLS Listing,,Condo/Co-op,Unit at 215 W 105th St,New York,NY,10025,619000,1,1.0,Upper West Side,,,,2,,,Active,,,http://www.redfin.com/NY/New-York/215-W-105th-St-10025/home/45163809,REBNY,HALS20221425,N,Y,40.8001551,-73.9667851
MLS Listing,,Condo/Co-op,99 Battery Pl Unit 16A,New York,NY,10280,725000,1,1.0,Liberty View,624,,1988,2,1162,1000,Active,,,http://www.redfin.com/NY/New-York/99-Battery-Pl-10280/unit-16A/home/45236397,OneKey,3234064,N,Y,40.7076052,-74.0166314
MLS Listing,,Condo/Co-op,Unit at 543 W 122nd St,New York,NY,10027,2110000,2,2.0,Morningside Heights,,,,2,,,Active,,,http://www.redfin.com/NY/New-York/543-W-122nd-St-10027/home/172518594,REBNY,HALS19383473,N,Y,40.8114727,-73.9602154
MLS Listing,,Condo/Co-op,Unit at 2 Charlton St,New York,NY,10013,1225000,1,1.0,Soho,,,,2,,,Active,,,http://www.redfin.com/NY/New-York/2-Charlton-St-10014/home/172518593,REBNY,BHSR20035859,N,Y,40.7268627,-74.0038053
MLS Listing,,Condo/Co-op,Unit at 301 E 80th St,New York,NY,10021,7500000,4,4.5,Upper East Side,,,,2,,,Active,,,http://www.redfin.com/NY/New-York/301-E-80th-St-10075/home/172518592,REBNY,DEGI3980850,N,Y,40.7739569,-73.9541767
MLS Listing,,Condo/Co-op,Unit at 301 E 80th St,New York,NY,10021,8250000,4,4.5,Upper East Side,,,,2,,,Active,,,http://www.redfin.com/NY/New-York/301-E-80th-St-10075/home/172518591,REBNY,DEGI3980841,N,Y,40.7739569,-73.9541767
MLS Listing,,Condo/Co-op,Unit at 301 E 80th St,New York,NY,10021,5495000,3,3.5,Upper East Side,,,,2,,,Active,,,http://www.redfin.com/NY/New-York/301-E-80th-St-10075/home/172518590,REBNY,DEGI3980830,N,Y,40.7739569,-73.9541767
MLS Listing,,Condo/Co-op,Unit at 301 E 80th St,New York,NY,10021,3850000,2,2.5,Upper East Side,,,,2,,,Active,,,http://www.redfin.com/NY/New-York/301-E-80th-St-10075/home/172518589,REBNY,DEGI3980815,N,Y,40.7739569,-73.9541767
MLS Listing,,Condo/Co-op,Unit at 301 E 80th St,New York,NY,10021,2350000,1,1.5,Upper East Side,,,,2,,,Active,,,http://www.redfin.com/NY/New-York/301-E-80th-St-10075/home/172518585,REBNY,DEGI3980697,N,Y,40.7739569,-73.9541767
MLS Listing,,Condo/Co-op,Unit at 1175 York Ave,New York,NY,10065,795000,1,1.0,Upper East Side,,,,2,,,Active,,,http://www.redfin.com/NY/New-York/1175-York-Ave-10065/home/45197045,REBNY,HALS20251834,N,Y,40.7615369,-73.9579786
MLS Listing,,Condo/Co-op,Unit at 205 W 95th St,New York,NY,10025,759000,1,1.0,Upper West Side,,,,2,,,Active,,,http://www.redfin.com/NY/New-York/205-W-95th-St-10025/home/115744558,REBNY,DEGI4350363,N,Y,40.7938201,-73.9713411
MLS Listing,,Condo/Co-op,Unit at 543 W 122nd St,New York,NY,10027,3700000,4,3.5,Morningside Heights,,,,2,,,Active,,,http://www.redfin.com/NY/New-York/543-W-122nd-St-10027/home/170244595,REBNY,HALS20251305,N,Y,40.8114727,-73.9602154
MLS Listing,,Condo/Co-op,Unit at 305 E 24th St,New York,NY,10010,695000,1,1.0,Middle East Side,,,,2,,,Active,,,http://www.redfin.com/NY/New-York/305-E-24th-St-10010/home/45148364,REBNY,NARD1242419,N,Y,40.7384804,-73.9799178
MLS Listing,,Condo/Co-op,Unit at 14 Horatio St,New York,NY,10014,695000,0,1.0,West Village,,,,2,,,Active,,,http://www.redfin.com/NY/New-York/14-Horatio-St-10014/home/172518567,REBNY,UCOM1888213,N,Y,40.7385669,-74.0033414
MLS Listing,,Condo/Co-op,Unit at 543 W 122nd St,New York,NY,10027,1365000,1,1.0,Morningside Heights,,,,2,,,Active,,,http://www.redfin.com/NY/New-York/543-W-122nd-St-10027/home/172518566,REBNY,HALS19382694,N,Y,40.8114727,-73.9602154
MLS Listing,,Condo/Co-op,Unit at 301 E 80th St,New York,NY,10021,11350000,5,5.5,Upper East Side,,,,2,,,Active,,,http://www.redfin.com/NY/New-York/301-E-80th-St-10075/home/172518563,REBNY,DEGI3979511,N,Y,40.7739569,-73.9541767
MLS Listing,,Condo/Co-op,Unit at 301 E 80th St,New York,NY,10021,7495000,3,3.5,Upper East Side,,,,2,,,Active,,,http://www.redfin.com/NY/New-York/301-E-80th-St-10075/home/172518562,REBNY,DEGI3980997,N,Y,40.7739569,-73.9541767
MLS Listing,,Condo/Co-op,Unit at 69 W 9th St,New York,NY,10011,1750000,2,3.0,Central Village,,,,2,,,Active,,,http://www.redfin.com/NY/New-York/69-W-9th-St-10011/home/169195859,REBNY,DEGI4350345,N,Y,40.7343029,-73.9987276
MLS Listing,,Condo/Co-op,Unit at 100 Riverside Blvd,New York,NY,10069,1479000,2,2.0,Upper West Side,,,,2,,,Active,,,http://www.redfin.com/NY/New-York/100-Riverside-Blvd-10069/home/45207081,REBNY,DEGI4350337,N,Y,40.77577,-73.9895914
MLS Listing,,Condo/Co-op,Unit at 23 E 22nd St,New York,NY,10010,4750000,2,2.0,Flatiron,,,,2,,,Active,,,http://www.redfin.com/NY/New-York/23-E-22nd-St-10010/home/45320540,REBNY,UCOM422285,N,Y,40.7403023,-73.9881731
MLS Listing,,Condo/Co-op,Unit at 301 E 45th St,New York,NY,10017,1075000,2,1.0,Middle East Side,,,,2,,,Active,,,http://www.redfin.com/NY/New-York/301-E-45th-St-10017/home/45280199,REBNY,HLLR1112195,N,Y,40.7517836,-73.9703575
MLS Listing,,Condo/Co-op,Unit at 166 E 63rd St,New York,NY,10065,1450000,1,1.0,Upper East Side,,,,2,,,Active,,,http://www.redfin.com/NY/New-York/166-E-63rd-St-10065/home/45131399,REBNY,HALS20251283,N,Y,40.7640866,-73.9651703
MLS Listing,,Condo/Co-op,Unit at 88 Greenwich St,New York,NY,10006,2195000,3,3.0,Lower Manhattan,,,,2,,,Active,,,http://www.redfin.com/NY/New-York/88-Greenwich-St-10006/home/45218146,REBNY,DEGI4349953,N,Y,40.7078844,-74.0140879
MLS Listing,,Condo/Co-op,Unit at 200 E End Ave,New York,NY,10128,1395000,2,2.0,Upper East Side,,,,2,,,Active,,,http://www.redfin.com/NY/New-York/200-E-End-Ave-10128/home/172518558,REBNY,SOTH2982068,N,Y,40.7772322,-73.9435595
MLS Listing,,Condo/Co-op,Unit at 543 W 122nd St,New York,NY,10027,2200000,2,2.0,Morningside Heights,,,,2,,,Active,,,http://www.redfin.com/NY/New-York/543-W-122nd-St-10027/home/166812653,REBNY,HALS20251297,N,Y,40.8114727,-73.9602154
MLS Listing,,Condo/Co-op,Unit at 543 W 122nd St,New York,NY,10027,3200000,3,2.5,Morningside Heights,,,,2,,,Active,,,http://www.redfin.com/NY/New-York/543-W-122nd-St-10027/home/172518555,REBNY,HALS19382923,N,Y,40.8114727,-73.9602154
MLS Listing,,Condo/Co-op,Unit at 301 E 80th St,New York,NY,10021,4525000,2,2.5,Upper East Side,,,,2,,,Active,,,http://www.redfin.com/NY/New-York/301-E-80th-St-10075/home/172518554,REBNY,DEGI3980701,N,Y,40.7739569,-73.9541767
MLS Listing,,Condo/Co-op,Unit at 301 E 80th St,New York,NY,10021,6495000,4,4.5,Upper East Side,,,,2,,,Active,,,http://www.redfin.com/NY/New-York/301-E-80th-St-10075/home/172518553,REBNY,DEGI3980700,N,Y,40.7739569,-73.9541767
MLS Listing,,Condo/Co-op,Unit at 220 Riverside Blvd,New York,NY,10069,1285000,1,1.5,Upper West Side,,,,2,,,Active,,,http://www.redfin.com/NY/New-York/220-Riverside-Blvd-10069/home/45121297,REBNY,SPIR754580,N,Y,40.7798481,-73.9870662
MLS Listing,,Condo/Co-op,Unit at 69 Bennett Ave,New York,NY,10033,545000,2,1.0,Hudson Heights,,,,2,,,Active,,,http://www.redfin.com/NY/New-York/69-Bennett-Ave-10033/home/144132851,REBNY,KWNY241656,N,Y,40.8525968,-73.9352912
MLS Listing,,Condo/Co-op,Unit at 205 E 22nd St,New York,NY,10010,3450000,3,3.0,Gramercy Park,,,,2,,,Active,,,http://www.redfin.com/NY/New-York/205-E-22nd-St-10010/home/172495830,REBNY,KWNY241645,N,Y,40.7380688,-73.982957
MLS Listing,,Condo/Co-op,Unit at 155 W 68th St,New York,NY,10023,999000,1,1.0,Upper West Side,,,,2,,,Active,,,http://www.redfin.com/NY/New-York/155-W-68th-St-10023/home/45268841,REBNY,KMRE1887733,N,Y,40.7761267,-73.9827725
MLS Listing,,Condo/Co-op,Unit at 543 W 122nd St,New York,NY,10027,940000,0,1.0,Morningside Heights,,,,2,,,Active,,,http://www.redfin.com/NY/New-York/543-W-122nd-St-10027/home/172517266,REBNY,HALS19382593,N,Y,40.8114727,-73.9602154
MLS Listing,,Condo/Co-op,Unit at 312 W 23rd St,New York,NY,10011,859000,1,1.0,Chelsea,,,,2,,,Active,,,http://www.redfin.com/NY/New-York/312-W-23rd-St-10011/home/45134224,REBNY,UCOM1888168,N,Y,40.7453292,-73.9992088
MLS Listing,,Condo/Co-op,Unit at 389 E 89th St,New York,NY,10128,1195000,1,1.0,Upper East Side,,,,2,,,Active,,,http://www.redfin.com/NY/New-York/389-E-89th-St-10128/home/143866887,REBNY,CORC6104695,N,Y,40.7791072,-73.9483299
MLS Listing,,Condo/Co-op,Unit at 180 Park Row,New York,NY,10038,889000,1,1.0,Chinatown,,,,2,,,Active,,,http://www.redfin.com/NY/New-York/180-Park-Row-10038/home/172514617,REBNY,CICA1004,N,Y,40.713565,-73.999593
MLS Listing,,Condo/Co-op,Unit at 30 Sutton Pl,New York,NY,10022,2800000,2,2.0,Middle East Side,,,,2,,,Active,,,http://www.redfin.com/NY/New-York/30-Sutton-Pl-10022/home/172517238,REBNY,BHSR20107984,N,Y,40.758376,-73.960317
MLS Listing,,Condo/Co-op,Unit at 535 W End Ave,New York,NY,10024,10400000,5,4.5,Upper West Side,,,,2,,,Active,,,http://www.redfin.com/NY/New-York/535-W-End-Ave-10024/home/45322916,REBNY,SEEK1888126,N,Y,40.7888251,-73.9782968
MLS Listing,,Condo/Co-op,Unit at 328 W 96th St,New York,NY,10025,675000,1,1.0,Upper West Side,,,,2,,,Active,,,http://www.redfin.com/NY/New-York/328-W-96th-St-10025/home/102004439,REBNY,MONT1419,N,Y,40.7955171,-73.9745834
MLS Listing,,Condo/Co-op,Unit at 509 E 6th St,New York,NY,10009,875000,1,1.0,East Village,,,,2,,,Active,,,http://www.redfin.com/NY/New-York/509-E-6th-St-10009/home/109654441,REBNY,HALS20247084,N,Y,40.7253444,-73.9832095
MLS Listing,,Condo/Co-op,Unit at 4 Lexington Ave,New York,NY,10010,749000,1,1.0,Gramercy Park,,,,2,,,Active,,,http://www.redfin.com/NY/New-York/4-Lexington-Ave-10010/home/172517224,REBNY,HALS20220819,N,Y,40.7388198,-73.9855281
MLS Listing,,Condo/Co-op,Unit at 27 E 65th St,New York,NY,10065,535000,1,1.0,Upper East Side,,,,2,,,Active,,,http://www.redfin.com/NY/New-York/27-E-65th-St-10065/home/52429599,REBNY,HDAX1329,N,Y,40.7673406,-73.9683647
MLS Listing,,Condo/Co-op,Unit at 242 W 104th St,New York,NY,10025,699000,2,1.0,Upper West Side,,,,2,,,Active,,,http://www.redfin.com/NY/New-York/242-W-104th-St-10025/home/45163756,REBNY,IPGL2138,N,Y,40.7996819,-73.9683143
MLS Listing,,Condo/Co-op,Unit at 315 W 86th St,New York,NY,10024,729000,1,1.0,Upper West Side,,,,2,,,Active,,,http://www.redfin.com/NY/New-York/315-W-86th-St-10024/home/145269922,REBNY,SPIR754046,N,Y,40.7894719,-73.9786411
MLS Listing,,Condo/Co-op,Unit at 210 W 21st St,New York,NY,10011,1250000,3,1.0,Chelsea,,,,2,,,Active,,,http://www.redfin.com/NY/New-York/210-W-21st-St-10011/home/45203627,REBNY,PLER1014,N,Y,40.742923,-73.9974024
MLS Listing,,Condo/Co-op,Unit at 136 E 36th St,New York,NY,10016,1195000,2,2.0,Murray Hill Kips Bay,,,,2,,,Active,,,http://www.redfin.com/NY/New-York/136-E-36th-St-10016/home/45338926,REBNY,KWNY241453,N,Y,40.7474557,-73.9786382
MLS Listing,,Condo/Co-op,Unit at 435 E 65th St,New York,NY,10065,580000,1,1.0,Upper East Side,,,,2,,,Active,,,http://www.redfin.com/NY/New-York/435-E-65th-St-10065/home/45159190,REBNY,ASHW2981279,N,Y,40.7628525,-73.9574339
MLS Listing,,Condo/Co-op,Unit at 35 E 10th St,New York,NY,10003,1195000,1,1.0,Greenwich Village,,,,2,,,Active,,,http://www.redfin.com/NY/New-York/35-E-10th-St-10003/home/112842849,REBNY,LIVL113710,N,Y,40.7324976,-73.9927644
MLS Listing,,Condo/Co-op,Unit at 201 E 17th St,New York,NY,10003,1249000,2,1.5,Gramercy Park,,,,2,,,Active,,,http://www.redfin.com/NY/New-York/201-E-17th-St-10003/home/105881727,REBNY,BOND1635917,N,Y,40.7351956,-73.9853559
MLS Listing,,Condo/Co-op,Unit at 201 W 70th St,New York,NY,10023,1175000,1,1.0,Upper West Side,,,,2,,,Active,,,http://www.redfin.com/NY/New-York/201-W-70th-St-10023/home/172517108,REBNY,SOTH2981945,N,Y,40.7776054,-73.9828731
MLS Listing,,Condo/Co-op,Unit at 245 E 24th St,New York,NY,10010,675000,1,1.0,Middle East Side,,,,2,,,Active,,,http://www.redfin.com/NY/New-York/245-E-24th-St-10010/home/114574594,REBNY,HAUS1024,N,Y,40.7388152,-73.9806852
MLS Listing,,Condo/Co-op,Unit at 345 E 69th St,New York,NY,10021,2095000,3,3.0,Upper East Side,,,,2,,,Active,,,http://www.redfin.com/NY/New-York/345-E-69th-St-10021/home/108532052,REBNY,HAUS1022,N,Y,40.7665473,-73.9586355
MLS Listing,,Condo/Co-op,Unit at 300 Albany St,New York,NY,10280,1190000,2,2.0,Battery Park City,,,,2,,,Active,,,http://www.redfin.com/NY/New-York/300-Albany-St-10280/home/45234988,REBNY,HAUS1017,N,Y,40.7100228,-74.0168448
MLS Listing,,Condo/Co-op,Unit at 543 W 122nd St,New York,NY,10027,2500000,3,2.5,Morningside Heights,,,,2,,,Active,,,http://www.redfin.com/NY/New-York/543-W-122nd-St-10027/home/166812658,REBNY,HALS20251302,N,Y,40.8114727,-73.9602154
MLS Listing,,Condo/Co-op,Unit at 543 W 122nd St,New York,NY,10027,2075000,2,2.5,Morningside Heights,,,,2,,,Active,,,http://www.redfin.com/NY/New-York/543-W-122nd-St-10027/home/169038225,REBNY,HALS20251300,N,Y,40.8114727,-73.9602154
MLS Listing,,Condo/Co-op,Unit at 875 W 181st St,New York,NY,10033,369000,1,1.0,Hudson Heights,,,,2,,,Active,,,http://www.redfin.com/NY/New-York/875-W-181st-St-10033/home/45165500,REBNY,SOVE79579,N,Y,40.8518735,-73.9413322
MLS Listing,,Condo/Co-op,Unit at 150 E 27th St,New York,NY,10016,598000,1,1.0,Middle East Side,,,,2,,,Active,,,http://www.redfin.com/NY/New-York/150-E-27th-St-10016/home/45146847,REBNY,BOND1636634,N,Y,40.7415796,-73.9821215
MLS Listing,,Condo/Co-op,Unit at 2 Beekman Pl,New York,NY,10022,569000,1,1.0,Middle East Side,,,,2,,,Active,,,http://www.redfin.com/NY/New-York/2-Beekman-Pl-10022/home/45180794,REBNY,HALS20254943,N,Y,40.7529821,-73.9652567
MLS Listing,,Condo/Co-op,Unit at 100 Overlook Ter,New York,NY,10040,719000,2,1.0,Washington Heights,,,,2,,,Active,,,http://www.redfin.com/NY/New-York/100-Overlook-Ter-10040/home/45170333,REBNY,HALS20251407,N,Y,40.8558902,-73.9351781
MLS Listing,,Condo/Co-op,Unit at 170 E 77th St,New York,NY,10075,995000,1,1.0,Upper East Side,,,,2,,,Active,,,http://www.redfin.com/NY/New-York/170-E-77th-St-10075/home/45225419,REBNY,UCOM1714568,N,Y,40.773151,-73.9591972
MLS Listing,,Condo/Co-op,Unit at 165 E 72nd St,New York,NY,10021,525000,0,1.0,Upper East Side,,,,2,,,Active,,,http://www.redfin.com/NY/New-York/165-E-72nd-St-10021/home/161603115,REBNY,STRI1817145,N,Y,40.7702538,-73.9607635
MLS Listing,,Condo/Co-op,Unit at 333 E 66th St,New York,NY,10065,725000,1,1.0,Upper East Side,,,,2,,,Active,,,http://www.redfin.com/NY/New-York/333-E-66th-St-10065/home/105887464,REBNY,KWNY241674,N,Y,40.7644155,-73.95918
MLS Listing,,Condo/Co-op,Unit at 435 E 86th St,New York,NY,10028,645000,1,1.0,Upper East Side,,,,2,,,Active,,,http://www.redfin.com/NY/New-York/435-E-86th-St-10028/home/45162218,REBNY,KWNY241666,N,Y,40.7765576,-73.9478991
MLS Listing,,Condo/Co-op,Unit at 354 W 12th St,New York,NY,10014,440000,0,1.0,West Village,,,,2,,,Active,,,http://www.redfin.com/NY/New-York/354-W-12th-St-10014/home/45144044,REBNY,KWNY241665,N,Y,40.737362,-74.007532
MLS Listing,,Condo/Co-op,Unit at 120 E 90th St,New York,NY,10128,699000,1,1.0,Upper East Side,,,,2,,,Active,,,http://www.redfin.com/NY/New-York/120-E-90th-St-10128/home/45292144,REBNY,KWNY241658,N,Y,40.7820414,-73.9540224
MLS Listing,,Condo/Co-op,Unit at 333 E 66th St,New York,NY,10065,475000,1,1.0,Upper East Side,,,,2,,,Active,,,http://www.redfin.com/NY/New-York/333-E-66th-St-10065/home/151114121,REBNY,KWNY241611,N,Y,40.7644076,-73.9591725
MLS Listing,,Condo/Co-op,Unit at 400 E 90th St,New York,NY,10128,1650000,2,2.0,Upper East Side,,,,2,,,Active,,,http://www.redfin.com/NY/New-York/400-E-90th-St-10128/home/45196287,REBNY,KWNY241604,N,Y,40.7791831,-73.9472423
MLS Listing,,Condo/Co-op,Unit at 425 E 63rd St,New York,NY,10065,699000,1,1.0,Upper East Side,,,,2,,,Active,,,http://www.redfin.com/NY/New-York/425-E-63rd-St-10065/home/45159169,REBNY,RUTE1888148,N,Y,40.7617094,-73.9587123
MLS Listing,,Condo/Co-op,Unit at 150 E 72nd St,New York,NY,10021,9980000,4,5.5,Upper East Side,,,,2,,,Active,,,http://www.redfin.com/NY/New-York/150-E-72nd-St-10021/home/115816987,REBNY,BHSR20199466,N,Y,40.7701181,-73.962065
MLS Listing,,Condo/Co-op,Unit at 543 W 122nd St,New York,NY,10027,2600000,2,2.0,Morningside Heights,,,,2,,,Active,,,http://www.redfin.com/NY/New-York/543-W-122nd-St-10027/home/168968701,REBNY,HALS20251298,N,Y,40.8114727,-73.9602154
MLS Listing,,Condo/Co-op,Unit at 543 W 122nd St,New York,NY,10027,1800000,2,2.0,Morningside Heights,,,,2,,,Active,,,http://www.redfin.com/NY/New-York/543-W-122nd-St-10027/home/169038218,REBNY,HALS20251296,N,Y,40.8114727,-73.9602154
MLS Listing,,Condo/Co-op,Unit at 543 W 122nd St,New York,NY,10027,1750000,2,2.0,Morningside Heights,,,,2,,,Active,,,http://www.redfin.com/NY/New-York/543-W-122nd-St-10027/home/166812659,REBNY,HALS20251295,N,Y,40.8114727,-73.9602154
MLS Listing,,Condo/Co-op,Unit at 543 W 122nd St,New York,NY,10027,1200000,1,1.0,Morningside Heights,,,,2,,,Active,,,http://www.redfin.com/NY/New-York/543-W-122nd-St-10027/home/169038229,REBNY,HALS20251292,N,Y,40.8114727,-73.9602154
MLS Listing,,Condo/Co-op,Unit at 543 W 122nd St,New York,NY,10027,1150000,1,1.0,Morningside Heights,,,,2,,,Active,,,http://www.redfin.com/NY/New-York/543-W-122nd-St-10027/home/160618651,REBNY,HALS20251291,N,Y,40.8114727,-73.9602154
MLS Listing,,Single Family Residential,326 E 74th St,New York,NY,10021,6000000,,,Upper East Side,,,,2,,,Active,,,http://www.redfin.com/NY/New-York/326-E-74th-St-10021/home/45288168,REBNY,BOND1636597,N,Y,40.7695348,-73.9565398
MLS Listing,,Single Family Residential,324 E 74th St,New York,NY,10021,6000000,,,Upper East Side,,,,2,,,Active,,,http://www.redfin.com/NY/New-York/324-E-74th-St-10021/home/45288169,REBNY,BOND1636585,N,Y,40.7696185,-73.9565857
MLS Listing,,Single Family Residential,151 E 29th St,Brooklyn,NY,10016,3950000,,,Flatbush,,,,2,,,Active,,,http://www.redfin.com/NY/New-York/151-E-29th-St-10016/home/45253560,REBNY,LESL2981947,N,Y,40.743008,-73.980822
MLS Listing,,Single Family Residential,421 E 80th St,New York,NY,10021,6000000,,,Upper East Side,,,,2,,,Active,,,http://www.redfin.com/NY/New-York/421-E-80th-St-10075/home/45295843,REBNY,BOND1636600,N,Y,40.772854,-73.951192
MLS Listing,,Condo/Co-op,Unit at 425 Fifth Ave,New York,NY,10016,1199000,1,1.0,Middle East Side,,,,2,,,Active,,,http://www.redfin.com/NY/New-York/425-5th-Ave-10016/home/45124694,REBNY,CORC6107902,N,Y,40.75104,-73.9822517
MLS Listing,,Condo/Co-op,Unit at 145 E 48th St,New York,NY,10017,1195000,1,1.5,Middle East Side,,,,2,,,Active,,,http://www.redfin.com/NY/New-York/145-E-48th-St-10017/home/45278120,REBNY,DEGI4349769,N,Y,40.7551234,-73.9724043
MLS Listing,,Condo/Co-op,Unit at 258 Riverside Dr,New York,NY,10025,2590000,3,2.0,Upper West Side,,,,2,,,Active,,,http://www.redfin.com/NY/New-York/258-Riverside-Dr-10025/home/108529406,REBNY,SOTH2981770,N,Y,40.7968404,-73.9735034
MLS Listing,,Condo/Co-op,Unit at 551 W 21st St,New York,NY,10011,25995000,7,7.0,Chelsea,,,,2,,,Active,,,http://www.redfin.com/NY/New-York/551-W-21st-St-10011/home/115268336,REBNY,DEGI4349962,N,Y,40.747502,-74.0070854
MLS Listing,,Condo/Co-op,Unit at 144 W 18th St,New York,NY,10011,4995000,4,3.5,Chelsea,,,,2,,,Active,,,http://www.redfin.com/NY/New-York/144-W-18th-St-10011/home/172516443,REBNY,DEGI4349955,N,Y,40.7404789,-73.9970423
MLS Listing,,Condo/Co-op,Unit at 136 E 76th St,New York,NY,10021,3495000,4,3.0,Upper East Side,,,,2,,,Active,,,http://www.redfin.com/NY/New-York/136-E-76th-St-10021/home/172516441,REBNY,UCOM1888123,N,Y,40.7728749,-73.9607646
MLS Listing,,Condo/Co-op,Unit at 295 Greenwich St,New York,NY,10007,1199000,1,1.0,Tribeca,,,,2,,,Active,,,http://www.redfin.com/NY/New-York/295-Greenwich-St-10007/home/45237307,REBNY,UCOM1888133,N,Y,40.7158658,-74.0107464
MLS Listing,,Condo/Co-op,Unit at 401 E 84th St,New York,NY,10028,799995,1,1.0,Upper East Side,,,,2,,,Active,,,http://www.redfin.com/NY/New-York/401-E-84th-St-10028/home/45295680,REBNY,CORC6106060,N,Y,40.7755336,-73.9499197
MLS Listing,,Condo/Co-op,Unit at 150 E 69th St,New York,NY,10065,3300000,3,3.5,Upper East Side,,,,2,,,Active,,,http://www.redfin.com/NY/New-York/150-E-69th-St-10021/home/172516438,REBNY,BHSR20082060,N,Y,40.7678001,-73.9629685
MLS Listing,,Condo/Co-op,Unit at 77 Hudson St,New York,NY,10013,2999000,2,2.0,Tribeca,,,,2,,,Active,,,http://www.redfin.com/NY/New-York/77-Hudson-St-10013/home/114669214,REBNY,CORC6106142,N,Y,40.7184711,-74.0090977
MLS Listing,,Condo/Co-op,Unit at 44 Gramercy Park N,New York,NY,10010,2295000,2,2.0,Gramercy Park,,,,2,,,Active,,,http://www.redfin.com/NY/New-York/44-Gramercy-Park-N-10010/home/45198218,REBNY,DEGI4134967,N,Y,40.7381139,-73.9847706
MLS Listing,,Condo/Co-op,160 Central Park,New York,NY,10019,999999,1,2.0,Essex House,,,1930,2,,,Active,,,http://www.redfin.com/NY/New-York/160-Central-Park-S-10019/home/45123692,OneKey,3233851,N,Y,40.7660208,-73.9786492
MLS Listing,,Condo/Co-op,Unit at 303 E 57th St,New York,NY,10022,1099000,2,3.0,Middle East Side,,,,2,,,Active,,,http://www.redfin.com/NY/New-York/303-E-57th-St-10022/home/45155457,REBNY,UCOM617785,N,Y,40.7595774,-73.964779
MLS Listing,,Condo/Co-op,Unit at 333 E 91st St,New York,NY,10128,1595000,2,2.0,Upper East Side,,,,2,,,Active,,,http://www.redfin.com/NY/New-York/333-E-91st-St-10128/home/45336508,REBNY,HAUS1016,N,Y,40.7803429,-73.947266
MLS Listing,,Condo/Co-op,333 Pearl St Unit 11G,Manhattan,NY,10038,569000,0,1.0,Manhattan,550,,,2,1035,,Active,,,http://www.redfin.com/NY/New-York/333-Pearl-St-10038/unit-11G/home/172516378,BNYMLS,440556,N,Y,40.7095003,-74.0026069
MLS Listing,,Condo/Co-op,Unit at 340 E 64th St,New York,NY,10065,1650000,2,1.5,Upper East Side,,,,2,,,Active,,,http://www.redfin.com/NY/New-York/340-E-64th-St-10065/home/45288085,REBNY,CTRE2981586,N,Y,40.7628042,-73.9603412
MLS Listing,,Condo/Co-op,Unit at 1235 Park Ave,New York,NY,10128,4995000,5,4.5,Upper East Side,,,,2,,,Active,,,http://www.redfin.com/NY/New-York/1235-Park-Ave-10128/home/115741167,REBNY,BHSR20243158,N,Y,40.786184,-73.9524625
MLS Listing,,Condo/Co-op,Unit at 130 W 67th St,New York,NY,10023,785000,1,1.0,Upper West Side,,,,2,,,Active,,,http://www.redfin.com/NY/New-York/130-W-67th-St-10023/home/45177100,REBNY,BHSR20246260,N,Y,40.7749252,-73.9832325
MLS Listing,,Condo/Co-op,Unit at 69 Fifth Ave,New York,NY,10003,1050000,2,1.0,Flatiron,,,,2,,,Active,,,http://www.redfin.com/NY/New-York/69-5th-Ave-10003/home/144347758,REBNY,DEGI4348706,N,Y,40.7360697,-73.9932183
MLS Listing,,Condo/Co-op,Unit at 100 W 57th St,New York,NY,10019,150000,0,1.0,Middle West Side,,,,2,,,Active,,,http://www.redfin.com/NY/New-York/100-W-57th-St-10019/home/45148227,REBNY,DEGI4348618,N,Y,40.7641081,-73.9776418
MLS Listing,,Condo/Co-op,Unit at 225 E 36th St,New York,NY,10016,680000,1,1.0,Murray Hill Kips Bay,,,,2,,,Active,,,http://www.redfin.com/NY/New-York/225-E-36th-St-10016/home/45339083,REBNY,UCOM178899,N,Y,40.746657,-73.975801
MLS Listing,,Condo/Co-op,Unit at 205 W 89th St,New York,NY,10024,4200000,4,4.0,Upper West Side,,,,2,,,Active,,,http://www.redfin.com/NY/New-York/205-W-89th-St-10024/home/172514612,REBNY,DEGI4348699,N,Y,40.7901204,-73.9745404
MLS Listing,,Condo/Co-op,Unit at 156 E 79th St,New York,NY,10075,945000,2,1.0,Upper East Side,,,,2,,,Active,,,http://www.redfin.com/NY/New-York/156-E-79th-St-10075/home/105887794,REBNY,UCOM1327494,N,Y,40.7745241,-73.9585526
MLS Listing,,Condo/Co-op,Unit at 20 West St,New York,NY,10004,680000,1,1.0,Financial District,,,,2,,,Active,,,http://www.redfin.com/NY/New-York/20-West-St-10004/home/45187729,REBNY,UCOM1692212,N,Y,40.7061965,-74.0157366
MLS Listing,,Condo/Co-op,Unit at 160 W 66th St,New York,NY,10023,1550000,1,1.5,Upper West Side,,,,2,,,Active,,,http://www.redfin.com/NY/New-York/160-W-66th-St-10023/home/45267314,REBNY,DEGI4348038,N,Y,40.774284,-73.9841508
MLS Listing,,Condo/Co-op,Unit at 350 W 50th St,New York,NY,10019,720000,0,1.0,Middle West Side,,,,3,,,Active,,,http://www.redfin.com/NY/New-York/350-W-50th-St-10019/home/45261978,REBNY,ELEG39602,N,Y,40.7629867,-73.9880683
MLS Listing,,Condo/Co-op,61st 161 West Unit 8E,New York,NY,10023,999000,1,1.5,The Alfred,822,,1988,3,1215,1175,Active,,,http://www.redfin.com/NY/New-York/161-W-61st-St-10023/unit-8E/home/45267554,OneKey,3233751,N,Y,40.7715383,-73.9858725
MLS Listing,,Condo/Co-op,Unit at 404 E 79th St,New York,NY,10075,839000,1,1.0,Upper East Side,,,,3,,,Active,,,http://www.redfin.com/NY/New-York/404-E-79th-St-10075/home/45289505,REBNY,WRNY1887748,N,Y,40.7719586,-73.952317
MLS Listing,,Condo/Co-op,Unit at 160 W End Ave,New York,NY,10023,975000,1,1.0,Upper West Side,,,,3,,,Active,,,http://www.redfin.com/NY/New-York/160-W-End-Ave-10023/home/167275866,REBNY,TRIP1888031,N,Y,40.7760126,-73.9850894
MLS Listing,,Condo/Co-op,Unit at 211 W 14th St,New York,NY,10011,1860000,1,1.0,Chelsea,,,,3,,,Active,,,http://www.redfin.com/NY/New-York/211-W-14th-St-10011/home/115435796,REBNY,TNNY1623493,N,Y,40.7390578,-74.0000521
MLS Listing,,Condo/Co-op,Unit at 799 Park Ave,New York,NY,10021,2700000,3,2.0,Upper East Side,,,,3,,,Active,,,http://www.redfin.com/NY/New-York/799-Park-Ave-10021/home/45157131,REBNY,NYPR2034653,N,Y,40.7724943,-73.9624557
MLS Listing,,Condo/Co-op,Unit at 160 W End Ave,New York,NY,10023,1650000,3,2.0,Upper West Side,,,,3,,,Active,,,http://www.redfin.com/NY/New-York/160-W-End-Ave-10023/home/45232170,REBNY,UCOM666597,N,Y,40.7760126,-73.9850894
MLS Listing,,Condo/Co-op,Unit at 200 E 90th St,New York,NY,10128,1295000,2,2.0,Upper East Side,,,,3,,,Active,,,http://www.redfin.com/NY/New-York/200-E-90th-St-10128/home/45161921,REBNY,DEGI4349347,N,Y,40.7810446,-73.9519172
MLS Listing,,Condo/Co-op,Unit at 7 E 14th St,New York,NY,10003,969000,1,1.0,Flatiron,,,,3,,,Active,,,http://www.redfin.com/NY/New-York/7-E-14th-St-10003/home/53323783,REBNY,UCOM297381,N,Y,40.7358375,-73.9927706
MLS Listing,,Condo/Co-op,Unit at 570 Grand St,New York,NY,10002,795000,2,1.0,Lower East Side,,,,3,,,Active,,,http://www.redfin.com/NY/New-York/570-Grand-St-10002/home/172511272,REBNY,UCOM1888040,N,Y,40.7140634,-73.978966
MLS Listing,,Condo/Co-op,Unit at 225 Central Park W,New York,NY,10024,1595000,2,2.0,Upper West Side,,,,3,,,Active,,,http://www.redfin.com/NY/New-York/225-Central-Park-W-10024/home/172511271,REBNY,UCOM1888039,N,Y,40.7830893,-73.9713177
MLS Listing,,Condo/Co-op,Unit at 90 William St,New York,NY,10038,869000,1,1.0,Financial District,,,,3,,,Active,,,http://www.redfin.com/NY/New-York/90-William-St-10038/home/45219880,REBNY,UCOM418387,N,Y,40.7081041,-74.0074731
MLS Listing,,Condo/Co-op,Unit at 125 E 12th St,New York,NY,10003,3285000,3,2.5,Greenwich Village,,,,3,,,Active,,,http://www.redfin.com/NY/New-York/125-E-12th-St-10003/home/45244466,REBNY,SOTH2981577,N,Y,40.732427,-73.9887233
MLS Listing,,Condo/Co-op,Unit at 15 Jones St,New York,NY,10014,640000,1,1.0,Greenwich Village,,,,3,,,Active,,,http://www.redfin.com/NY/New-York/15-Jones-St-10014/home/172511254,REBNY,CORE2981621,N,Y,40.7323269,-74.0024921
MLS Listing,,Condo/Co-op,Unit at 125 Greene St,New York,NY,10012,3995000,2,2.0,Soho,,,,3,,,Active,,,http://www.redfin.com/NY/New-York/125-Greene-St-10012/home/144319366,REBNY,CORC6096118,N,Y,40.7255782,-73.9992377
MLS Listing,,Townhouse,Unit at 206 E 18th St,New York,NY,10003,2300000,4,3.0,Gramercy Park,,,,3,,,Active,,,http://www.redfin.com/NY/New-York/206-E-18th-St-10003/home/172510742,REBNY,HALS20220824,N,Y,40.7353669,-73.9850001
MLS Listing,,Condo/Co-op,Unit at 35 Park Ave,New York,NY,10016,835000,1,1.0,Murray Hill Kips Bay,,,,3,,,Active,,,http://www.redfin.com/NY/New-York/35-Park-Ave-10016/home/45229793,REBNY,UCOM610048,N,Y,40.748006,-73.980291
MLS Listing,,Condo/Co-op,Unit at 154 W 18th St,New York,NY,10011,2900000,2,2.0,Chelsea,,,,3,,,Active,,,http://www.redfin.com/NY/New-York/154-W-18th-St-10011/home/172510738,REBNY,UCOM128252,N,Y,40.7404842,-73.9973577
MLS Listing,,Condo/Co-op,Unit at 61 W 62nd St,New York,NY,10023,649000,1,1.0,Upper West Side,,,,3,,,Active,,,http://www.redfin.com/NY/New-York/61-W-62nd-St-10023/home/45177013,REBNY,UCOM27477,N,Y,40.771079,-73.9827734
MLS Listing,,Condo/Co-op,Unit at 310 E 70th St,New York,NY,10021,750000,1,1.0,Upper East Side,,,,3,,,Active,,,http://www.redfin.com/NY/New-York/310-E-70th-St-10021/home/115090036,REBNY,UCOM1600075,N,Y,40.7670733,-73.9587952
MLS Listing,,Condo/Co-op,Unit at 310 W 52nd St,New York,NY,10019,1065000,1,1.5,Middle West Side,,,,3,,,Active,,,http://www.redfin.com/NY/New-York/310-W-52nd-St-10019/home/45191593,REBNY,SOTH2981563,N,Y,40.7635957,-73.9859404
MLS Listing,,Condo/Co-op,Unit at 4 W 21st St,New York,NY,10010,2200000,3,2.5,Flatiron,,,,3,,,Active,,,http://www.redfin.com/NY/New-York/4-W-21st-St-10010/home/45167141,REBNY,SOTH2981543,N,Y,40.7404258,-73.9914049
MLS Listing,,Condo/Co-op,Unit at 300 E 54th St,New York,NY,10022,739000,1,1.0,Middle East Side,,,,3,,,Active,,,http://www.redfin.com/NY/New-York/300-E-54th-St-10022/home/172510730,REBNY,WRNY1887734,N,Y,40.7570829,-73.9663752
MLS Listing,,Condo/Co-op,Unit at 205 E 77th St,New York,NY,10075,369000,0,1.0,Upper East Side,,,,3,,,Active,,,http://www.redfin.com/NY/New-York/205-E-77th-St-10075/home/45158125,REBNY,HALS20215278,N,Y,40.7728867,-73.9575288
MLS Listing,,Condo/Co-op,65 Leonard St,New York,NY,10013,4900000,3,3.0,Tribeca,,,,3,,,Active,,,http://www.redfin.com/NY/New-York/65-Leonard-St-10013/home/45237736,REBNY,DEGI4340643,N,Y,40.7177075,-74.0055001
MLS Listing,,Condo/Co-op,Unit at 45 W 10th St,New York,NY,10011,995000,1,1.0,Greenwich Village,,,,3,,,Active,,,http://www.redfin.com/NY/New-York/45-W-10th-St-10011/home/45330309,REBNY,UCOM932617,N,Y,40.7345713,-73.9976257
MLS Listing,,Condo/Co-op,Unit at 320 E 42nd St,New York,NY,10017,378000,0,1.0,Middle East Side,,,,3,,,Active,,,http://www.redfin.com/NY/New-York/320-E-42nd-St-10017/home/59313118,REBNY,DEGI4333702,N,Y,40.7494804,-73.9717381
MLS Listing,,Condo/Co-op,Unit at 180 W End Ave,New York,NY,10023,520000,0,1.0,Upper West Side,,,,3,,,Active,,,http://www.redfin.com/NY/New-York/180-W-End-Ave-10023/home/45150346,REBNY,TRIP1887942,N,Y,40.7774246,-73.98562
MLS Listing,,Condo/Co-op,Unit at 520 W 28th St,New York,NY,10001,11495000,5,6.0,Chelsea,,,,3,,,Active,,,http://www.redfin.com/NY/New-York/520-W-28th-St-10001/home/147019573,REBNY,CORC6107099,N,Y,40.751033,-74.0029218
MLS Listing,,Condo/Co-op,Unit at 32 Gramercy Park S,New York,NY,10003,785000,1,1.0,Gramercy Park,,,,3,,,Active,,,http://www.redfin.com/NY/New-York/32-Gramercy-Park-S-10003/home/169288220,REBNY,DEGI4346328,N,Y,40.7369454,-73.9848904
MLS Listing,,Condo/Co-op,400 Fifth Ave Unit 52F,New York,NY,10018,1799000,1,1.5,Residences At 400 Fifth,982,,2010,3,1832,1598,Active,,,http://www.redfin.com/NY/New-York/400-5th-Ave-10018/unit-52F/home/45331910,OneKey,3233562,N,Y,40.7500752,-73.9837835
MLS Listing,,Condo/Co-op,Unit at 269 Bennett Ave,New York,NY,10040,599000,2,1.0,Washington Heights,,,,3,,,Active,,,http://www.redfin.com/NY/New-York/269-Bennett-Ave-10040/home/115740996,REBNY,ELEG1366019,N,Y,40.8590536,-73.9323424
MLS Listing,,Condo/Co-op,Unit at 120 Greenwich St,New York,NY,10006,695000,1,1.0,Financial District,,,,3,,,Active,,,http://www.redfin.com/NY/New-York/120-Greenwich-St-10013/home/45188864,REBNY,UCOM269630,N,Y,40.7090409,-74.0133167
MLS Listing,,Condo/Co-op,Unit at 138 E 36th St,New York,NY,10016,399999,0,1.0,Murray Hill Kips Bay,,,,3,,,Active,,,http://www.redfin.com/NY/New-York/138-E-36th-St-10016/home/45175380,REBNY,HALS20243228,N,Y,40.7473213,-73.9783463
MLS Listing,,Condo/Co-op,Unit at 345 E 56th St,New York,NY,10022,825000,2,1.0,Middle East Side,,,,3,,,Active,,,http://www.redfin.com/NY/New-York/345-E-56th-St-10022/home/172509918,REBNY,KLEI217799,N,Y,40.7580352,-73.9635669
MLS Listing,,Condo/Co-op,Unit at 225 W 83rd St,New York,NY,10024,3250000,4,2.5,Upper West Side,,,,3,,,Active,,,http://www.redfin.com/NY/New-York/225-W-83rd-St-10024/home/172509904,REBNY,UCOM156169,N,Y,40.7863054,-73.9772583
MLS Listing,,Condo/Co-op,Unit at 210 E 15th St,New York,NY,10003,500000,0,1.0,Gramercy Park,,,,3,,,Active,,,http://www.redfin.com/NY/New-York/210-E-15th-St-10003/home/102005526,REBNY,UCOM386461,N,Y,40.7334857,-73.9860348
MLS Listing,,Condo/Co-op,Unit at 635 W 42nd St,New York,NY,10036,865000,1,1.0,Middle West Side,,,,3,,,Active,,,http://www.redfin.com/NY/New-York/635-W-42nd-St-10036/home/45195455,REBNY,HALS20252388,N,Y,40.7617008,-73.9996228
MLS Listing,,Condo/Co-op,Unit at 300 E 77th St,New York,NY,10021,8450000,5,5.0,Upper East Side,,,,3,,,Active,,,http://www.redfin.com/NY/New-York/300-E-77th-St-10075/home/45122009,REBNY,DEGI4348461,N,Y,40.7717689,-73.955783
MLS Listing,,Condo/Co-op,Unit at 130 Lenox Ave,New York,NY,10026,589000,2,2.0,Harlem,,,,3,,,Active,,,http://www.redfin.com/NY/New-York/130-Lenox-Ave-10026/home/172509396,REBNY,CORC6105606,N,Y,40.8022161,-73.9491786
MLS Listing,,Condo/Co-op,345 E 93rd St Unit 17B,New York,NY,10128,625000,1,1.0,Mill Rock Plaza,750,,1975,3,833,1602,Active,,,http://www.redfin.com/NY/New-York/345-E-93rd-St-10128/unit-17B/home/45162156,OneKey,3233491,N,Y,40.7818656,-73.946292
MLS Listing,,Multi-Family (2-4 Unit),27 Perry St,New York,NY,10014,10800000,,,West Village,,,,3,,,Active,,,http://www.redfin.com/NY/New-York/27-Perry-St-10014/home/45246288,REBNY,UCOM22803,N,Y,40.7358079,-74.0022625
MLS Listing,,Condo/Co-op,Unit at 110 Riverside Dr,New York,NY,10024,2995000,3,3.0,Upper West Side,,,,3,,,Active,,,http://www.redfin.com/NY/New-York/110-Riverside-Dr-10024/home/160934395,REBNY,UCOM1814482,N,Y,40.7877568,-73.9810032
MLS Listing,,Condo/Co-op,Unit at 319 W 18th St,New York,NY,10011,775000,1,1.0,Chelsea,,,,3,,,Active,,,http://www.redfin.com/NY/New-York/319-W-18th-St-10011/home/45338621,REBNY,UCOM981382,N,Y,40.7428697,-74.0016685
MLS Listing,,Condo/Co-op,18 W 48th St Unit 31A,New York,NY,10036,2450000,2,2.0,The Centria,1191,,2005,3,2057,1645,Active,,,http://www.redfin.com/NY/New-York/18-W-48th-St-10036/unit-31A/home/45195827,OneKey,H6055109,N,Y,40.7574596,-73.9793586
MLS Listing,,Condo/Co-op,Unit at 575 Park Ave,New York,NY,10065,4000000,3,3.0,Upper East Side,,,,3,,,Active,,,http://www.redfin.com/NY/New-York/575-Park-Ave-10065/home/171198585,REBNY,SOTH2980909,N,Y,40.7650253,-73.9676403
MLS Listing,,Condo/Co-op,Unit at 1400 Fifth Ave,New York,NY,10026,1175000,3,2.0,West Harlem,,,,3,,,Active,,,http://www.redfin.com/NY/New-York/1400-5th-Ave-10026/home/45136041,REBNY,UCOM1886121,N,Y,40.8005472,-73.9469577
MLS Listing,,Condo/Co-op,Unit at 80 Warren St,New York,NY,10007,2495000,2,2.0,Tribeca,,,,3,,,Active,,,http://www.redfin.com/NY/New-York/80-Warren-St-10007/home/167087290,REBNY,DEGI4343683,N,Y,40.7154825,-74.0103423
MLS Listing,,Condo/Co-op,Unit at 356 W 23rd St,New York,NY,10011,549000,0,1.0,Chelsea,,,,3,,,Active,,,http://www.redfin.com/NY/New-York/356-W-23rd-St-10011/home/113006401,REBNY,UCOM919673,N,Y,40.7460292,-74.0007964
MLS Listing,,Condo/Co-op,Unit at 200 E 79th St,New York,NY,10075,6995000,4,4.5,Upper East Side,,,,3,,,Active,,,http://www.redfin.com/NY/New-York/200-E-79th-St-10075/home/105855200,REBNY,ELEG1140705,N,Y,40.7739578,-73.9571981
MLS Listing,,Condo/Co-op,Unit at 40 W 24th St,New York,NY,10011,2950000,2,2.0,Flatiron,,,,3,,,Active,,,http://www.redfin.com/NY/New-York/40-W-24th-St-10010/home/45174832,REBNY,UCOM378281,N,Y,40.7430283,-73.991495
MLS Listing,,Condo/Co-op,Unit at 50 Lexington Ave,New York,NY,10010,625000,1,1.0,Flatiron,,,,3,,,Active,,,http://www.redfin.com/NY/New-York/50-Lexington-Ave-10010/home/45146115,REBNY,LLGI2980600,N,Y,40.7406448,-73.9842426
MLS Listing,,Condo/Co-op,Unit at 225 E 36th St,New York,NY,10016,699000,1,1.0,Middle East Side,,,,3,,,Active,,,http://www.redfin.com/NY/New-York/225-E-36th-St-10016/home/45148003,REBNY,DEGI4346446,N,Y,40.746657,-73.975801
MLS Listing,,Condo/Co-op,266 E Broadway Ave Unit B302,New York,NY,10002,499900,0,1.0,New York,420,,,3,1190,,Active,,,http://www.redfin.com/NY/New-York/266-E-Broadway-10002/unit-B302/home/45140270,BNYMLS,440525,N,Y,40.715005,-73.9851838
MLS Listing,,Condo/Co-op,Unit at 66 Madison Ave,New York,NY,10016,475000,0,1.0,Flatiron,,,,3,,,Active,,,http://www.redfin.com/NY/New-York/66-Madison-Ave-10016/home/146130544,REBNY,HALS20253633,N,Y,40.7436978,-73.9861709
MLS Listing,,Condo/Co-op,Unit at 200 E 69th St,New York,NY,10021,1900000,1,2.0,Upper East Side,,,,3,,,Active,,,http://www.redfin.com/NY/New-York/200-E-69th-St-10021/home/45286208,REBNY,UCOM53239,N,Y,40.76751,-73.961754
MLS Listing,,Condo/Co-op,Unit at 935 Park Ave,New York,NY,10028,3650000,3,2.5,Upper East Side,,,,3,,,Active,,,http://www.redfin.com/NY/New-York/935-Park-Ave-10028/home/172508561,REBNY,DEGI4347229,N,Y,40.7766732,-73.9592873
MLS Listing,,Condo/Co-op,Unit at 124 E 79th St,New York,NY,10075,675000,0,1.0,Upper East Side,,,,3,,,Active,,,http://www.redfin.com/NY/New-York/124-E-79th-St-10075/home/45285442,REBNY,AKAM1887255,N,Y,40.7750417,-73.9597079
MLS Listing,,Condo/Co-op,Unit at 415 Main St,Roosevelt Island,NY,10044,1335000,2,2.0,Roosevelt Island,,,,3,,,Active,,,http://www.redfin.com/NY/New-York/415-Main-St-10044/home/45225550,REBNY,DEGI4346445,N,Y,40.7582784,-73.9536439
MLS Listing,,Condo/Co-op,Unit at 444 W 19th St,New York,NY,10011,1200000,1,1.0,Chelsea,,,,4,,,Active,,,http://www.redfin.com/NY/New-York/444-W-19th-St-10011/home/45136636,REBNY,DEGI4346793,N,Y,40.7446209,-74.0050615
MLS Listing,,Condo/Co-op,Unit at 1055 Park Ave,New York,NY,10128,5950000,3,3.5,Upper East Side,,,,4,,,Active,,,http://www.redfin.com/NY/New-York/1055-Park-Ave-10028/home/45332552,REBNY,MODL2980979,N,Y,40.7806042,-73.9564007
MLS Listing,,Condo/Co-op,Unit at 275 W 96th St,New York,NY,10025,2885000,4,2.5,Upper West Side,,,,4,,,Active,,,http://www.redfin.com/NY/New-York/275-W-96th-St-10025/home/172506655,REBNY,DEGI4345419,N,Y,40.795181,-73.9722589
MLS Listing,,Condo/Co-op,Unit at 993 Park Ave,New York,NY,10028,5750000,6,3.5,Upper East Side,,,,4,,,Active,,,http://www.redfin.com/NY/New-York/993-Park-Ave-10028/home/172506654,REBNY,BHSR20215206,N,Y,40.7785633,-73.957795
MLS Listing,,Condo/Co-op,Unit at 167 E 61st St,New York,NY,10065,1785000,2,2.5,Upper East Side,,,,4,,,Active,,,http://www.redfin.com/NY/New-York/167-E-61st-St-10065/home/45156673,REBNY,UCOM100521,N,Y,40.7631868,-73.9657847
MLS Listing,,Condo/Co-op,Unit at 108 Fifth Ave,New York,NY,10011,2795000,3,3.5,Flatiron,,,,4,,,Active,,,http://www.redfin.com/NY/New-York/108-5th-Ave-10011/home/172506651,REBNY,BHSR20252248,N,Y,40.7372469,-73.9930806
MLS Listing,,Condo/Co-op,Unit at 112 Hudson St,New York,NY,10013,1825000,2,1.5,Tribeca,,,,4,,,Active,,,http://www.redfin.com/NY/New-York/112-Hudson-St-10013/home/45238408,REBNY,UCOM240800,N,Y,40.7195681,-74.0083601
MLS Listing,,Condo/Co-op,Unit at 215 Chrystie St,New York,NY,10002,13995000,6,6.5,Lower East Side,,,,4,,,Active,,,http://www.redfin.com/NY/New-York/215-Chrystie-St-10002/home/172506650,REBNY,OLSH20084720,N,Y,40.7231104,-73.9920935
MLS Listing,,Condo/Co-op,Unit at 333 W 57th St,New York,NY,10019,995000,1,1.0,Middle West Side,,,,4,,,Active,,,http://www.redfin.com/NY/New-York/333-W-57th-St-10019/home/172505615,REBNY,ALEX113962,N,Y,40.7676111,-73.9844176
MLS Listing,,Condo/Co-op,Unit at 323 E 21st St,New York,NY,10010,295000,0,1.0,Gramercy Park,,,,4,,,Active,,,http://www.redfin.com/NY/New-York/323-E-21st-St-10010/home/172505611,REBNY,ELEG1887719,N,Y,40.7362091,-73.9805529
MLS Listing,,Condo/Co-op,Unit at 839 W End Ave,New York,NY,10025,1385000,2,2.0,Upper West Side,,,,4,,,Active,,,http://www.redfin.com/NY/New-York/839-W-End-Ave-10025/home/45169810,REBNY,CORC6102346,N,Y,40.7983784,-73.9712947
MLS Listing,,Condo/Co-op,Unit at 21 E 22nd St,New York,NY,10010,1695000,1,1.0,Flatiron,,,,4,,,Active,,,http://www.redfin.com/NY/New-York/21-E-22nd-St-10010/home/45145722,REBNY,FLAT2013292,N,Y,40.7404797,-73.9884715
MLS Listing,,Condo/Co-op,Unit at 245 E 54th St,New York,NY,10022,695000,1,1.0,Middle East Side,,,,4,,,Active,,,http://www.redfin.com/NY/New-York/245-E-54th-St-10022/home/172505560,REBNY,NEXT20252231,N,Y,40.7577737,-73.9667949
MLS Listing,,Condo/Co-op,376 Broadway Unit 6D,New York,NY,10013,669999,0,1.0,New York,465,,1990,4,1441,,Active,,,http://www.redfin.com/NY/New-York/376-Broadway-10013/unit-6D/home/45238064,BNYMLS,440485,N,Y,40.7177053,-74.002883
Local rules require that we limit downloads to 250 results from REBNY.
